livro,capitulo,versiculoInicial,versiculoFinal,texto
1 Néfi,3,7,7,E aconteceu que eu Néfi disse a meu pai: Eu irei e cumprirei as ordens do Senhor porque sei que o Senhor nunca dá ordens aos filhos dos homens sem antes preparar um caminho pelo qual suas ordens possam ser cumpridas.
1 Néfi,4,6,6,Portanto obedeçamos fielmente aos mandamentos do Senhor.
1 Néfi,10,19,19,Pois aquele que procurar diligentemente achará e os mistérios de Deus ser-lhe-ão desvendados pelo poder do Espírito Santo.
1 Néfi,15,24,24,E disse-lhes que era a palavra de Deus e que todos os que dessem ouvidos à palavra de Deus e a ela se apegassem jamais pereceriam.
2 Néfi,2,25,25,Adão caiu para que os homens existissem e os homens existem para que tenham alegria.
2 Néfi,2,27,27,Portanto os homens são livres segundo a carne e todas as coisas de que necessitam lhes são dadas.
2 Néfi,9,28,28,Oh! Esse astuto plano do maligno! Oh! A vaidade e as fraquezas e as loucuras dos homens!
2 Néfi,25,26,26,E falamos de Cristo regozijamo-nos em Cristo pregamos a Cristo profetizamos de Cristo e escrevemos de acordo com nossas profecias.
2 Néfi,26,33,33,Pois nenhum destes males vem do Senhor porque ele faz o que é bom entre os filhos dos homens.
2 Néfi,28,30,30,Pois eis que assim diz o Senhor Deus: Darei aos filhos dos homens linha sobre linha preceito sobre preceito um pouco aqui e um pouco ali.
2 Néfi,31,20,20,Deveis pois prosseguir com firmeza em Cristo tendo um perfeito esplendor de esperança e amor a Deus e a todos os homens.
2 Néfi,32,3,3,Os anjos falam pelo poder do Espírito Santo falam portanto as palavras de Cristo.
2 Néfi,32,8,8,E agora meus amados irmãos percebo que ainda meditais em vosso coração e aflige-me ter que falar-vos sobre este assunto.
2 Néfi,32,9,9,Mas eis que vos digo que deveis orar sempre e não desfalecer que nada deveis fazer perante o Senhor sem antes orardes ao Pai em nome de Cristo.
Mosias,2,17,17,E eis que vos digo estas coisas para que aprendais sabedoria para que saibais que quando estais a serviço de vosso próximo estais somente a serviço de vosso Deus.
Mosias,3,19,19,Porque o homem natural é inimigo de Deus e tem-no sido desde a queda de Adão e sê-lo-á para sempre a menos que ceda ao influxo do Santo Espírito.
Mosias,4,9,9,Crede em Deus crede que ele existe e que criou todas as coisas tanto no céu como na Terra crede que ele tem toda a sabedoria e todo o poder.
Mosias,4,30,30,Mas isto posso dizer-vos que se não tomardes cuidado com vós mesmos e vossos pensamentos e vossas palavras e vossas obras e não observardes os mandamentos de Deus perecereis.
Mosias,5,13,13,Pois como conhece um homem o mestre a quem não serviu e que lhe é estranho e está longe dos pensamentos e desígnios de seu coração?
Alma,5,14,14,E agora eis que vos pergunto meus irmãos da igreja: Haveis nascido espiritualmente de Deus? Haveis recebido sua imagem em vosso semblante?
Alma,7,11,11,E ele seguirá sofrendo dores e aflições e tentações de toda espécie e isto para que se cumpra a palavra que diz que ele tomará sobre si as dores e as enfermidades de seu povo.
Alma,7,12,12,E tomará sobre si a morte para soltar as ligaduras da morte que prendem o seu povo e tomará sobre si as suas enfermidades.
Alma,13,28,28,Humilhai-vos perante o Senhor e invocai seu santo nome e vigiai e orai continuamente para não serdes tentados além do que podeis suportar.
Alma,26,12,12,Sim eu sei que nada sou quanto a minha força sou débil portanto não me vangloriarei de mim mesmo mas vangloriar-me-ei de meu Deus.
Alma,32,21,21,E agora conforme falei com respeito à fé fé não é ter um perfeito conhecimento das coisas portanto se tendes fé tendes esperança nas coisas que se não veem e que são verdadeiras.
Alma,32,27,27,Mas eis que se despertardes e exercitardes vossas faculdades pondo à prova minhas palavras e exercerdes uma partícula de fé sim mesmo que não tenhais mais que o desejo de acreditar.
Alma,34,32,32,Pois eis que esta vida é o tempo para os homens prepararem-se para encontrar Deus sim eis que o dia desta vida é o dia para os homens executarem os seus labores.
Alma,36,3,3,E agora ó meu filho Helamã eis que estás em tua juventude e portanto suplico-te que ouças minhas palavras e aprendas de mim.
Alma,37,6,6,Ora talvez penses que isto seja tolice de minha parte mas eis que te digo que é por meio de coisas pequenas e simples que as grandes são realizadas.
Alma,37,35,35,Oh! Lembra-te meu filho e aprende sabedoria em tua mocidade sim aprende em tua mocidade a guardar os mandamentos de Deus.
Alma,37,36,36,Sim e roga a Deus por todo o teu sustento sim que todos os teus feitos sejam para o Senhor e aonde quer que fores seja no Senhor.
Alma,41,10,10,Não penses por ter sido dito com respeito à restauração que serás restituído do pecado para a felicidade. Eis que te digo que iniquidade nunca foi felicidade.
Helamã,5,12,12,E agora meus filhos lembrai-vos de que é sobre a rocha de nosso Redentor que é Cristo o Filho de Deus que deveis construir os vossos alicerces.
3 Néfi,11,29,29,Pois em verdade em verdade vos digo que aquele que tem o espírito de discórdia não é meu mas é do diabo que é o pai da discórdia.
3 Néfi,12,48,48,Portanto quisera que fôsseis perfeitos assim como eu ou como o vosso Pai que está nos céus é perfeito.
3 Néfi,13,33,33,Mas buscai primeiro o reino de Deus e a sua justiça e todas estas coisas vos serão acrescentadas.
3 Néfi,18,15,15,Em verdade em verdade vos digo que deveis vigiar e orar sempre para não serdes tentados pelo diabo e levados cativos por ele.
3 Néfi,18,20,20,E tudo quanto pedirdes ao Pai em meu nome que seja justo acreditando que recebereis eis que vos será dado.
3 Néfi,27,27,27,Portanto que tipo de homens devereis ser? Em verdade vos digo que devereis ser como eu sou.
Éter,12,6,6,E agora eu Morôni gostaria de falar algo a respeito destas coisas gostaria de mostrar ao mundo que a fé são coisas que se esperam e não se veem.
Éter,12,27,27,E se os homens vierem a mim mostrar-lhes-ei sua fraqueza. Dou a fraqueza aos homens a fim de que sejam humildes e minha graça basta a todos os que se humilham perante mim.
Morôni,7,33,33,E Cristo disse: Se tiverdes fé em mim tereis poder para fazer tudo quanto me parecer conveniente.
Morôni,7,41,41,E o que deveis esperar? Eis que vos digo que deveis ter esperança por meio da expiação de Cristo e do poder de sua ressurreição para serdes ressuscitados para a vida eterna.
Morôni,7,45,45,E a caridade é sofredora e é benigna e não é invejosa e não se ensoberbece não busca seus interesses não se irrita facilmente não suspeita mal.
Morôni,7,46,46,Portanto meus amados irmãos se não tendes caridade nada sois porque a caridade nunca falha.
Morôni,10,4,4,E quando receberdes estas coisas eu vos exorto a perguntardes a Deus o Pai Eterno em nome de Cristo se estas coisas não são verdadeiras.
Morôni,10,5,5,E pelo poder do Espírito Santo podeis saber a verdade de todas as coisas.
Morôni,10,32,32,Sim vinde a Cristo sede aperfeiçoados nele e negai-vos a toda iniquidade e se vos negardes a toda iniquidade e amardes a Deus com todo o vosso poder mente e força então sua graça vos será suficiente.